source_type,source_property,target_type,target_property,import_parser,export_parser,direction,reverse_primary,requirement,cardinality,constant_value,fallback_source,fallback_parser,source_table,param_name,wrap,note
file,persistent_id,Dataset,identifier,external_pid,,import,FALSE,,scalar,,,,,,,
file,mime_type,Dataset,format,scalar_default,,import,FALSE,,scalar,application/octet-stream,,,,,,
file,access_url,Dataset,contentUrl,first_nonempty,,import,FALSE,,scalar,,persistent_id,,,,,
file,sha256,Dataset,sha256,scalar,,import,FALSE,,scalar,,,,,,,
file,md5,Dataset,md5,scalar,,import,FALSE,,scalar,,,,,,,
file,size_in_bytes,Dataset,contentSize,scalar,,import,FALSE,,scalar,,,,,,,
file,file_format,Dataset,encodingFormat,edam_encoding,,import,FALSE,,scalar,,,,,,,
subject,persistent_id,Patient,identifier,external_pid,,import,FALSE,,scalar,,,,,,,
subject,sex,Patient,gender,sex_map,,import,FALSE,,scalar,,,,,,,
subject,id_namespace,Patient,additionalProperty,property_value,,import,FALSE,,scalar,,,,,id_namespace,property_value,
subject,local_id,Patient,additionalProperty,property_value,,import,FALSE,,scalar,,,,,local_id,property_value,
subject,persistent_id,Patient,additionalProperty,property_value,,import,FALSE,,scalar,,,,,persistent_id,property_value,
subject,creation_time,Patient,additionalProperty,property_value,,import,FALSE,,scalar,,,,,creation_time,property_value,
subject,granularity,Patient,additionalProperty,property_value,,import,FALSE,,scalar,,,,,granularity,property_value,
subject,sex,Patient,additionalProperty,property_value,,import,FALSE,,scalar,,,,,sex,property_value,
subject,ethnicity,Patient,additionalProperty,property_value,,import,FALSE,,scalar,,,,,ethnicity,property_value,
subject,age_at_enrollment,Patient,additionalProperty,property_value,,import,FALSE,,scalar,,,,,age_at_enrollment,property_value,
biosample,persistent_id,Sample,identifier,external_pid,,import,FALSE,,scalar,,,,,,,
biosample,anatomy,Sample,anatomicalStructure,identifier_value_term,,import,FALSE,,scalar,,,,anatomy,,,
biosample,sample_prep_method,Sample,samplePrepMethod,identifier_value_term,,import,FALSE,,scalar,,,,sample_prep_method,,,
biosample,biofluid,Sample,hasBioChemEntityPart,identifier_value_term_list,,import,FALSE,,scalar,,,,biofluid,,,
biosample,id_namespace,Sample,additionalProperty,property_value,,import,FALSE,,scalar,,,,,id_namespace,property_value,
biosample,local_id,Sample,additionalProperty,property_value,,import,FALSE,,scalar,,,,,local_id,property_value,
biosample,persistent_id,Sample,additionalProperty,property_value,,import,FALSE,,scalar,,,,,persistent_id,property_value,
biosample,creation_time,Sample,additionalProperty,property_value,,import,FALSE,,scalar,,,,,creation_time,property_value,
biosample,project_local_id,Sample,additionalProperty,property_value,,import,FALSE,,scalar,,,,,project_local_id,property_value,
collection,persistent_id,Sample,identifier,external_pid,,import,FALSE,,scalar,,,,,,,
collection,id_namespace,Sample,additionalProperty,property_value,,import,FALSE,,scalar,,,,,id_namespace,property_value,
collection,local_id,Sample,additionalProperty,property_value,,import,FALSE,,scalar,,,,,local_id,property_value,
collection,persistent_id,Sample,additionalProperty,property_value,,import,FALSE,,scalar,,,,,persistent_id,property_value,
collection,creation_time,Sample,additionalProperty,property_value,,import,FALSE,,scalar,,,,,creation_time,property_value,
collection,abbreviation,Sample,additionalProperty,property_value,,import,FALSE,,scalar,,,,,abbreviation,property_value,
collection,has_time_series_data,Sample,additionalProperty,property_value,,import,FALSE,,scalar,,,,,has_time_series_data,property_value,
anatomy,name,DefinedTerm,name,name_or_curie,,import,FALSE,,scalar,,,,,,,
anatomy,id,DefinedTerm,termCode,scalar,,import,FALSE,,scalar,,,,,,,
anatomy,id,DefinedTerm,identifier,ontology_term,,import,FALSE,,scalar,,,,anatomy,,,
anatomy,description,DefinedTerm,description,description_or_template,,import,FALSE,,scalar,"C2M2 anatomy controlled-vocabulary term {curie}{onto_suffix}, referenced by the {dcc_label} instance.",,,,,,
anatomy,synonyms,DefinedTerm,synonym,json_string_list,,import,FALSE,,scalar,,,,,,,
anatomy,,DefinedTerm,additionalProperty,property_value_const,,import,FALSE,,scalar,anatomy,,,,c2m2CvTable,property_value,
biofluid,name,DefinedTerm,name,name_or_curie,,import,FALSE,,scalar,,,,,,,
biofluid,id,DefinedTerm,termCode,scalar,,import,FALSE,,scalar,,,,,,,
biofluid,id,DefinedTerm,identifier,ontology_term,,import,FALSE,,scalar,,,,biofluid,,,
biofluid,description,DefinedTerm,description,description_or_template,,import,FALSE,,scalar,"C2M2 biofluid controlled-vocabulary term {curie}{onto_suffix}, referenced by the {dcc_label} instance.",,,,,,
biofluid,synonyms,DefinedTerm,synonym,json_string_list,,import,FALSE,,scalar,,,,,,,
biofluid,,DefinedTerm,additionalProperty,property_value_const,,import,FALSE,,scalar,biofluid,,,,c2m2CvTable,property_value,
sample_prep_method,name,DefinedTerm,name,name_or_curie,,import,FALSE,,scalar,,,,,,,
sample_prep_method,id,DefinedTerm,termCode,scalar,,import,FALSE,,scalar,,,,,,,
sample_prep_method,id,DefinedTerm,identifier,ontology_term,,import,FALSE,,scalar,,,,sample_prep_method,,,
sample_prep_method,description,DefinedTerm,description,description_or_template,,import,FALSE,,scalar,"C2M2 sample preparation method controlled-vocabulary term {curie}{onto_suffix}, referenced by the {dcc_label} instance.",,,,,,
sample_prep_method,synonyms,DefinedTerm,synonym,json_string_list,,import,FALSE,,scalar,,,,,,,
sample_prep_method,,DefinedTerm,additionalProperty,property_value_const,,import,FALSE,,scalar,sample_prep_method,,,,c2m2CvTable,property_value,
assay_type,name,DefinedTerm,name,name_or_curie,,import,FALSE,,scalar,,,,,,,
assay_type,id,DefinedTerm,termCode,scalar,,import,FALSE,,scalar,,,,,,,
assay_type,id,DefinedTerm,identifier,ontology_term,,import,FALSE,,scalar,,,,assay_type,,,
assay_type,description,DefinedTerm,description,description_or_template,,import,FALSE,,scalar,"C2M2 assay type controlled-vocabulary term {curie}{onto_suffix}, referenced by the {dcc_label} instance.",,,,,,
assay_type,synonyms,DefinedTerm,synonym,json_string_list,,import,FALSE,,scalar,,,,,,,
assay_type,,DefinedTerm,additionalProperty,property_value_const,,import,FALSE,,scalar,assay_type,,,,c2m2CvTable,property_value,
analysis_type,name,DefinedTerm,name,name_or_curie,,import,FALSE,,scalar,,,,,,,
analysis_type,id,DefinedTerm,termCode,scalar,,import,FALSE,,scalar,,,,,,,
analysis_type,id,DefinedTerm,identifier,ontology_term,,import,FALSE,,scalar,,,,analysis_type,,,
analysis_type,description,DefinedTerm,description,description_or_template,,import,FALSE,,scalar,"C2M2 analysis type controlled-vocabulary term {curie}{onto_suffix}, referenced by the {dcc_label} instance.",,,,,,
analysis_type,synonyms,DefinedTerm,synonym,json_string_list,,import,FALSE,,scalar,,,,,,,
analysis_type,,DefinedTerm,additionalProperty,property_value_const,,import,FALSE,,scalar,analysis_type,,,,c2m2CvTable,property_value,
data_type,name,DefinedTerm,name,name_or_curie,,import,FALSE,,scalar,,,,,,,
data_type,id,DefinedTerm,termCode,scalar,,import,FALSE,,scalar,,,,,,,
data_type,id,DefinedTerm,identifier,ontology_term,,import,FALSE,,scalar,,,,data_type,,,
data_type,description,DefinedTerm,description,description_or_template,,import,FALSE,,scalar,"C2M2 data type controlled-vocabulary term {curie}{onto_suffix}, referenced by the {dcc_label} instance.",,,,,,
data_type,synonyms,DefinedTerm,synonym,json_string_list,,import,FALSE,,scalar,,,,,,,
data_type,,DefinedTerm,additionalProperty,property_value_const,,import,FALSE,,scalar,data_type,,,,c2m2CvTable,property_value,
file_format,name,DefinedTerm,name,name_or_curie,,import,FALSE,,scalar,,,,,,,
file_format,id,DefinedTerm,termCode,scalar,,import,FALSE,,scalar,,,,,,,
file_format,id,DefinedTerm,identifier,ontology_term,,import,FALSE,,scalar,,,,file_format,,,
file_format,description,DefinedTerm,description,description_or_template,,import,FALSE,,scalar,"C2M2 file format controlled-vocabulary term {curie}{onto_suffix}, referenced by the {dcc_label} instance.",,,,,,
file_format,synonyms,DefinedTerm,synonym,json_string_list,,import,FALSE,,scalar,,,,,,,
file_format,,DefinedTerm,additionalProperty,property_value_const,,import,FALSE,,scalar,file_format,,,,c2m2CvTable,property_value,
disease,name,DefinedTerm,name,name_or_curie,,import,FALSE,,scalar,,,,,,,
disease,id,DefinedTerm,termCode,scalar,,import,FALSE,,scalar,,,,,,,
disease,id,DefinedTerm,identifier,ontology_term,,import,FALSE,,scalar,,,,disease,,,
disease,description,DefinedTerm,description,description_or_template,,import,FALSE,,scalar,"C2M2 disease controlled-vocabulary term {curie}{onto_suffix}, referenced by the {dcc_label} instance.",,,,,,
disease,synonyms,DefinedTerm,synonym,json_string_list,,import,FALSE,,scalar,,,,,,,
disease,,DefinedTerm,additionalProperty,property_value_const,,import,FALSE,,scalar,disease,,,,c2m2CvTable,property_value,
phenotype,name,DefinedTerm,name,name_or_curie,,import,FALSE,,scalar,,,,,,,
phenotype,id,DefinedTerm,termCode,scalar,,import,FALSE,,scalar,,,,,,,
phenotype,id,DefinedTerm,identifier,ontology_term,,import,FALSE,,scalar,,,,phenotype,,,
phenotype,description,DefinedTerm,description,description_or_template,,import,FALSE,,scalar,"C2M2 phenotype controlled-vocabulary term {curie}{onto_suffix}, referenced by the {dcc_label} instance.",,,,,,
phenotype,synonyms,DefinedTerm,synonym,json_string_list,,import,FALSE,,scalar,,,,,,,
phenotype,,DefinedTerm,additionalProperty,property_value_const,,import,FALSE,,scalar,phenotype,,,,c2m2CvTable,property_value,
ncbi_taxonomy,name,DefinedTerm,name,name_or_curie,,import,FALSE,,scalar,,,,,,,
ncbi_taxonomy,id,DefinedTerm,termCode,scalar,,import,FALSE,,scalar,,,,,,,
ncbi_taxonomy,id,DefinedTerm,identifier,ontology_term,,import,FALSE,,scalar,,,,ncbi_taxonomy,,,
ncbi_taxonomy,description,DefinedTerm,description,description_or_template,,import,FALSE,,scalar,"C2M2 NCBI taxonomy controlled-vocabulary term {curie}{onto_suffix}, referenced by the {dcc_label} instance.",,,,,,
ncbi_taxonomy,synonyms,DefinedTerm,synonym,json_string_list,,import,FALSE,,scalar,,,,,,,
ncbi_taxonomy,clade,DefinedTerm,additionalProperty,property_value,,import,FALSE,,scalar,,,,,clade,property_value,
ncbi_taxonomy,,DefinedTerm,additionalProperty,property_value_const,,import,FALSE,,scalar,ncbi_taxonomy,,,,c2m2CvTable,property_value,
gene,name,DefinedTerm,name,name_or_curie,,import,FALSE,,scalar,,,,,,,
gene,id,DefinedTerm,termCode,scalar,,import,FALSE,,scalar,,,,,,,
gene,id,DefinedTerm,identifier,ontology_term,,import,FALSE,,scalar,,,,gene,,,
gene,description,DefinedTerm,description,description_or_template,,import,FALSE,,scalar,"C2M2 gene controlled-vocabulary term {curie}{onto_suffix}, referenced by the {dcc_label} instance.",,,,,,
gene,synonyms,DefinedTerm,synonym,json_string_list,,import,FALSE,,scalar,,,,,,,
gene,organism,DefinedTerm,additionalProperty,property_value,,import,FALSE,,scalar,,,,,organism,property_value,
gene,,DefinedTerm,additionalProperty,property_value_const,,import,FALSE,,scalar,gene,,,,c2m2CvTable,property_value,
protein,name,DefinedTerm,name,name_or_curie,,import,FALSE,,scalar,,,,,,,
protein,id,DefinedTerm,termCode,scalar,,import,FALSE,,scalar,,,,,,,
protein,id,DefinedTerm,identifier,ontology_term,,import,FALSE,,scalar,,,,protein,,,
protein,description,DefinedTerm,description,description_or_template,,import,FALSE,,scalar,"C2M2 protein controlled-vocabulary term {curie}{onto_suffix}, referenced by the {dcc_label} instance.",,,,,,
protein,synonyms,DefinedTerm,synonym,json_string_list,,import,FALSE,,scalar,,,,,,,
protein,organism,DefinedTerm,additionalProperty,property_value,,import,FALSE,,scalar,,,,,organism,property_value,
protein,,DefinedTerm,additionalProperty,property_value_const,,import,FALSE,,scalar,protein,,,,c2m2CvTable,property_value,
substance,name,DefinedTerm,name,name_or_curie,,import,FALSE,,scalar,,,,,,,
substance,id,DefinedTerm,termCode,scalar,,import,FALSE,,scalar,,,,,,,
substance,id,DefinedTerm,identifier,ontology_term,,import,FALSE,,scalar,,,,substance,,,
substance,description,DefinedTerm,description,description_or_template,,import,FALSE,,scalar,"C2M2 substance controlled-vocabulary term {curie}{onto_suffix}, referenced by the {dcc_label} instance.",,,,,,
substance,synonyms,DefinedTerm,synonym,json_string_list,,import,FALSE,,scalar,,,,,,,
substance,compound,DefinedTerm,additionalProperty,property_value,,import,FALSE,,scalar,,,,,compound,property_value,
substance,,DefinedTerm,additionalProperty,property_value_const,,import,FALSE,,scalar,substance,,,,c2m2CvTable,property_value,
compound,name,DefinedTerm,name,name_or_curie,,import,FALSE,,scalar,,,,,,,
compound,id,DefinedTerm,termCode,scalar,,import,FALSE,,scalar,,,,,,,
compound,id,DefinedTerm,identifier,ontology_term,,import,FALSE,,scalar,,,,compound,,,
compound,description,DefinedTerm,description,description_or_template,,import,FALSE,,scalar,"C2M2 compound controlled-vocabulary term {curie}{onto_suffix}, referenced by the {dcc_label} instance.",,,,,,
compound,synonyms,DefinedTerm,synonym,json_string_list,,import,FALSE,,scalar,,,,,,,
compound,,DefinedTerm,additionalProperty,property_value_const,,import,FALSE,,scalar,compound,,,,c2m2CvTable,property_value,
